,params,test_accuracy,test_recall_overall,test_f1_deceased,test_recall_deceased,test_precison
0,"{'max_depth': 2, 'n_estimators': 2}",0.7294837178730076,0.7294837178730076,0.0,0.0,0.6299352399857863
1,"{'max_depth': 2, 'n_estimators': 4}",0.7260972070544088,0.7260972070544088,0.0,0.0,0.5828121627063096
2,"{'max_depth': 2, 'n_estimators': 6}",0.7237115796743671,0.7237115796743671,0.0,0.0,0.5998783623799134
3,"{'max_depth': 2, 'n_estimators': 8}",0.7237034495945731,0.7237034495945731,0.0,0.0,0.60271956500237
4,"{'max_depth': 2, 'n_estimators': 10}",0.7216987616717807,0.7216987616717807,0.0,0.0,0.6107264156964688
5,"{'max_depth': 2, 'n_estimators': 12}",0.7271525206524558,0.7271525206524558,0.0,0.0,0.5984285052344032
6,"{'max_depth': 2, 'n_estimators': 14}",0.7294401517926244,0.7294401517926244,0.0,0.0,0.5877319089762709
7,"{'max_depth': 2, 'n_estimators': 16}",0.7282813609708589,0.7282813609708589,0.0,0.0,0.5873221541759032
8,"{'max_depth': 2, 'n_estimators': 18}",0.7327369381417258,0.7327369381417258,0.0,0.0,0.5869826035494666
9,"{'max_depth': 2, 'n_estimators': 20}",0.7283521033048082,0.7283521033048082,0.0,0.0,0.6000635323267902
10,"{'max_depth': 2, 'n_estimators': 22}",0.7278189661878478,0.7278189661878478,0.0,0.0,0.602809813105488
11,"{'max_depth': 2, 'n_estimators': 24}",0.7251097369045959,0.7251097369045959,0.0,0.0,0.6139442304775323
12,"{'max_depth': 2, 'n_estimators': 26}",0.7211955285185608,0.7211955285185608,0.0,0.0,0.6067222479739797
13,"{'max_depth': 2, 'n_estimators': 28}",0.7310476917065071,0.7310476917065071,0.0,0.0,0.5877485112686873
14,"{'max_depth': 4, 'n_estimators': 2}",0.7445040462855023,0.7445040462855023,0.0,0.0,0.7000315677712544
15,"{'max_depth': 4, 'n_estimators': 4}",0.7454261564197335,0.7454261564197335,0.0,0.0,0.6851690857948061
16,"{'max_depth': 4, 'n_estimators': 6}",0.746225868347317,0.746225868347317,0.0,0.0,0.7805421670039353
17,"{'max_depth': 4, 'n_estimators': 8}",0.7461796268675902,0.7461796268675902,0.0,0.0,0.7681552789752673
18,"{'max_depth': 4, 'n_estimators': 10}",0.7456600881620035,0.7456600881620035,0.0,0.0,0.7573049271820378
19,"{'max_depth': 4, 'n_estimators': 12}",0.7466393217606141,0.7466393217606141,0.0,0.0,0.7640613798550941
20,"{'max_depth': 4, 'n_estimators': 14}",0.7464271536177001,0.7464271536177001,0.0,0.0,0.7143062580121076
21,"{'max_depth': 4, 'n_estimators': 16}",0.7472431821591347,0.7472431821591347,0.0,0.0,0.7773309356852854
22,"{'max_depth': 4, 'n_estimators': 18}",0.7469058879884136,0.7469058879884136,0.0,0.0,0.724394060415284
23,"{'max_depth': 4, 'n_estimators': 20}",0.746723643379558,0.746723643379558,0.0,0.0,0.7362905831931729
24,"{'max_depth': 4, 'n_estimators': 22}",0.7469249307586521,0.7469249307586521,0.0,0.0,0.707746303777955
25,"{'max_depth': 4, 'n_estimators': 24}",0.746636600672532,0.746636600672532,0.0,0.0,0.6614039802518604
26,"{'max_depth': 4, 'n_estimators': 26}",0.7466230005223969,0.7466230005223969,0.0,0.0,0.7804142288589467
27,"{'max_depth': 4, 'n_estimators': 28}",0.7469766144145431,0.7469766144145431,0.0,0.0,0.6756835784774211
28,"{'max_depth': 6, 'n_estimators': 2}",0.7496232698443771,0.7496232698443771,0.0044082198275076,0.0022222222222222,0.7583419792593379
29,"{'max_depth': 6, 'n_estimators': 4}",0.7506405873186928,0.7506405873186928,0.0017699115044247,0.0008898776418242,0.7906145598679913
30,"{'max_depth': 6, 'n_estimators': 6}",0.7507140259911158,0.7507140259911158,0.0,0.0,0.7809354956153612
31,"{'max_depth': 6, 'n_estimators': 8}",0.7505807422483022,0.7505807422483022,0.001328903654485,0.0006674082313681,0.7855215078347959
32,"{'max_depth': 6, 'n_estimators': 10}",0.7515191765803452,0.7515191765803452,0.0017718715393133,0.0008888888888888,0.7888433030042756
33,"{'max_depth': 6, 'n_estimators': 12}",0.751277086346175,0.751277086346175,0.0,0.0,0.7824397204180895
34,"{'max_depth': 6, 'n_estimators': 14}",0.7515844630130112,0.7515844630130112,0.0004434589800443,0.0002222222222222,0.7912673841984416
35,"{'max_depth': 6, 'n_estimators': 16}",0.7511737222899469,0.7511737222899469,0.0,0.0,0.8014827183093362
36,"{'max_depth': 6, 'n_estimators': 18}",0.7514756555227915,0.7514756555227915,0.0,0.0,0.8008346274767559
37,"{'max_depth': 6, 'n_estimators': 20}",0.7516470106740187,0.7516470106740187,0.0,0.0,0.7929896594850345
38,"{'max_depth': 6, 'n_estimators': 22}",0.7521556822299198,0.7521556822299198,0.0,0.0,0.7918539604365443
39,"{'max_depth': 6, 'n_estimators': 24}",0.7505562649968451,0.7505562649968451,0.0,0.0,0.7953878455387766
40,"{'max_depth': 6, 'n_estimators': 26}",0.7513396486201798,0.7513396486201798,0.0022099447513812,0.0011111111111111,0.7999703511912541
41,"{'max_depth': 6, 'n_estimators': 28}",0.7516959809367731,0.7516959809367731,0.0,0.0,0.7893603210246458
42,"{'max_depth': 8, 'n_estimators': 2}",0.7631013961616127,0.7631013961616127,0.0179356095136161,0.0091130886169818,0.760792509444039
43,"{'max_depth': 8, 'n_estimators': 4}",0.7627722059152703,0.7627722059152703,0.0118939401205426,0.0060009887529353,0.7638224217010474
44,"{'max_depth': 8, 'n_estimators': 6}",0.7613604910790758,0.7613604910790758,0.00750800758068,0.0037787665307131,0.7844261550335461
45,"{'max_depth': 8, 'n_estimators': 8}",0.7567118328924541,0.7567118328924541,0.0110264155040217,0.005556297120257,0.7726796525463036
46,"{'max_depth': 8, 'n_estimators': 10}",0.7582595676164808,0.7582595676164808,0.0140680536461618,0.0071125942405141,0.7746616904413919
47,"{'max_depth': 8, 'n_estimators': 12}",0.7564207952953914,0.7564207952953914,0.0106028854577434,0.0053343220862686,0.7818982765597433
48,"{'max_depth': 8, 'n_estimators': 14}",0.7584118980140004,0.7584118980140004,0.0097189302015389,0.0048896304535904,0.7875982565105087
49,"{'max_depth': 8, 'n_estimators': 16}",0.7578515640742933,0.7578515640742933,0.0118509732372667,0.0060012359411692,0.7856823730123458
50,"{'max_depth': 8, 'n_estimators': 18}",0.7557598003710073,0.7557598003710073,0.0123241581463425,0.0062232109751575,0.7904971749458345
51,"{'max_depth': 8, 'n_estimators': 20}",0.7582459637668526,0.7582459637668526,0.0110453729870292,0.0055565443084909,0.7875917702818629
52,"{'max_depth': 8, 'n_estimators': 22}",0.7564860768077318,0.7564860768077318,0.0119079756903521,0.0060009887529353,0.7856706548768537
53,"{'max_depth': 8, 'n_estimators': 24}",0.7570572981333515,0.7570572981333515,0.0105955903611944,0.0053343220862686,0.7836169680207309
54,"{'max_depth': 8, 'n_estimators': 26}",0.755955648422547,0.755955648422547,0.0075201833438525,0.0037785193424792,0.7895508323271733
55,"{'max_depth': 8, 'n_estimators': 28}",0.7555313156882323,0.7555313156882323,0.0127554590012074,0.0064454331973798,0.7893330394373935
56,"{'max_depth': 10, 'n_estimators': 2}",0.7744087935045454,0.7744087935045454,0.0266080218677758,0.01378049684835,0.7670281271189845
57,"{'max_depth': 10, 'n_estimators': 4}",0.7798734283287148,0.7798734283287148,0.0239172767414517,0.0122232109751575,0.7822825603929788
58,"{'max_depth': 10, 'n_estimators': 6}",0.7733751399570455,0.7733751399570455,0.0226094518141892,0.0115575330614262,0.7783555938947
59,"{'max_depth': 10, 'n_estimators': 8}",0.785509507646867,0.785509507646867,0.0210475063645824,0.0106688913607712,0.7947028242473634
60,"{'max_depth': 10, 'n_estimators': 10}",0.7786820808957471,0.7786820808957471,0.0222872292247134,0.0113358052156717,0.7831720710067355
61,"{'max_depth': 10, 'n_estimators': 12}",0.7756001821498648,0.7756001821498648,0.0222801596115323,0.011335310839204,0.7822208162826689
62,"{'max_depth': 10, 'n_estimators': 14}",0.789206107748545,0.789206107748545,0.0188599775147542,0.0095575330614262,0.8009652727719974
63,"{'max_depth': 10, 'n_estimators': 16}",0.7877699141441015,0.7877699141441015,0.0201388916720834,0.0102241997280929,0.7978431704410769
64,"{'max_depth': 10, 'n_estimators': 18}",0.7835727586192276,0.7835727586192276,0.0209582983467013,0.0106696329254727,0.7923333922411964
65,"{'max_depth': 10, 'n_estimators': 20}",0.7780129527470001,0.7780129527470001,0.0197195330566051,0.0100019775058707,0.7871177412951307
66,"{'max_depth': 10, 'n_estimators': 22}",0.7821746764887066,0.7821746764887066,0.0201709719220371,0.0102241997280929,0.7907272148054604
67,"{'max_depth': 10, 'n_estimators': 24}",0.788303054812575,0.788303054812575,0.0210300238958137,0.0106686441725373,0.7971071941887181
68,"{'max_depth': 10, 'n_estimators': 26}",0.7830804680853505,0.7830804680853505,0.0210227460680793,0.0106688913607712,0.7891644344557628
69,"{'max_depth': 10, 'n_estimators': 28}",0.7729861694184348,0.7729861694184348,0.0205799999120608,0.0104464219503151,0.7822545882083387
70,"{'max_depth': 12, 'n_estimators': 2}",0.792315197693945,0.792315197693945,0.0393002884744542,0.0208923495241626,0.785181819773405
71,"{'max_depth': 12, 'n_estimators': 4}",0.8006223651144978,0.8006223651144978,0.0330742840358375,0.017114324558151,0.7964834483208032
72,"{'max_depth': 12, 'n_estimators': 6}",0.7989984764011752,0.7989984764011752,0.0376130901766099,0.0195592633790631,0.7964404755457084
73,"{'max_depth': 12, 'n_estimators': 8}",0.8041557647093762,0.8041557647093762,0.0336607932168765,0.0173362995921394,0.8009880596655302
74,"{'max_depth': 12, 'n_estimators': 10}",0.8037368817721813,0.8037368817721813,0.0354273170619115,0.0182256828574959,0.8042582784978842
75,"{'max_depth': 12, 'n_estimators': 12}",0.8047025106332854,0.8047025106332854,0.0303621757128151,0.0155580274378939,0.8053272195289598
76,"{'max_depth': 12, 'n_estimators': 14}",0.8056191780364286,0.8056191780364286,0.0310859345474162,0.0160027190705722,0.8049433318669241
77,"{'max_depth': 12, 'n_estimators': 16}",0.8029045420921452,0.8029045420921452,0.0307969493037645,0.0157807440365838,0.8034505241704709
78,"{'max_depth': 12, 'n_estimators': 18}",0.8042428087482196,0.8042428087482196,0.0287459184639604,0.0146696329254727,0.8055938657427726
79,"{'max_depth': 12, 'n_estimators': 20}",0.8035491918795874,0.8035491918795874,0.0282293501411374,0.0144476578914843,0.8039914032020512
80,"{'max_depth': 12, 'n_estimators': 22}",0.8060190402523635,0.8060190402523635,0.0294372077197011,0.015114324558151,0.8051990428020016
81,"{'max_depth': 12, 'n_estimators': 24}",0.8056681466344111,0.8056681466344111,0.028693084944253,0.0146706216784081,0.8070483726923502
82,"{'max_depth': 12, 'n_estimators': 26}",0.8039925596891949,0.8039925596891949,0.0304106578127522,0.0155592633790631,0.8044245285629588
83,"{'max_depth': 12, 'n_estimators': 28}",0.808369194673881,0.808369194673881,0.0308117331394718,0.0157812384130515,0.8085981002014725
84,"{'max_depth': 14, 'n_estimators': 2}",0.8033778011762323,0.8033778011762323,0.0571778601360587,0.0315627240143369,0.7971745055073789
85,"{'max_depth': 14, 'n_estimators': 4}",0.8118373353973161,0.8118373353973161,0.0456112124929316,0.0242269187986651,0.8062907234447397
86,"{'max_depth': 14, 'n_estimators': 6}",0.8091797983897736,0.8091797983897736,0.0420949839774192,0.0220046965764429,0.8050151335215624
87,"{'max_depth': 14, 'n_estimators': 8}",0.8131239314937048,0.8131239314937048,0.0417701279507385,0.0217822271659869,0.8091689672783385
88,"{'max_depth': 14, 'n_estimators': 10}",0.8129906433484944,0.8129906433484944,0.0448009943667969,0.0233370411568409,0.8105196809708591
89,"{'max_depth': 14, 'n_estimators': 12}",0.8151830407711937,0.8151830407711937,0.0448089250646966,0.0233382770980101,0.8126292425684811
90,"{'max_depth': 14, 'n_estimators': 14}",0.8157025847300605,0.8157025847300605,0.0448493027964841,0.0233375355333086,0.8135287560973687
91,"{'max_depth': 14, 'n_estimators': 16}",0.8149083072467007,0.8149083072467007,0.0378336278828374,0.0195590161908293,0.8122311094656703
92,"{'max_depth': 14, 'n_estimators': 18}",0.8154632195424301,0.8154632195424301,0.0437367493631962,0.0226711160548757,0.8133948935875726
93,"{'max_depth': 14, 'n_estimators': 20}",0.8174053617649462,0.8174053617649462,0.0435815034621866,0.0226713632431096,0.8148795151859289
94,"{'max_depth': 14, 'n_estimators': 22}",0.8174298439737241,0.8174298439737241,0.0454064880859238,0.0235604993202323,0.815904737992611
95,"{'max_depth': 14, 'n_estimators': 24}",0.8168722248699556,0.8168722248699556,0.0411854851600542,0.0213375355333086,0.8147216584980749
96,"{'max_depth': 14, 'n_estimators': 26}",0.8167226163374114,0.8167226163374114,0.0453621190576399,0.023559510567297,0.8147380807384662
97,"{'max_depth': 14, 'n_estimators': 28}",0.8164560441534281,0.8164560441534281,0.0428967589856898,0.0222261772339636,0.8146655777755614
98,"{'max_depth': 16, 'n_estimators': 2}",0.810023029081225,0.810023029081225,0.0739183090474943,0.0433412433568162,0.8032041457665431
99,"{'max_depth': 16, 'n_estimators': 4}",0.8182295414362899,0.8182295414362899,0.0570748322548722,0.0308958101594364,0.8124845477551146
100,"{'max_depth': 16, 'n_estimators': 6}",0.8187654156971316,0.8187654156971316,0.0532696021238402,0.0284506241502904,0.8138900325744436
101,"{'max_depth': 16, 'n_estimators': 8}",0.82169495737215,0.82169495737215,0.0517974101710031,0.0275607465084662,0.81697191826612
102,"{'max_depth': 16, 'n_estimators': 10}",0.821782006220334,0.821782006220334,0.0497887189740499,0.026227165986899,0.8178663558466823
103,"{'max_depth': 16, 'n_estimators': 12}",0.8207646835667284,0.8207646835667284,0.0494613673627038,0.0260049437646768,0.8171664263773643
104,"{'max_depth': 16, 'n_estimators': 14}",0.8208054864218042,0.8208054864218042,0.0508608579155417,0.0268943270300333,0.8168311495609464
105,"{'max_depth': 16, 'n_estimators': 16}",0.8228074717909747,0.8228074717909747,0.0479621524935537,0.0251163020640217,0.8196125675376859
106,"{'max_depth': 16, 'n_estimators': 18}",0.823925430790634,0.823925430790634,0.0482603323904134,0.0253375355333086,0.82054568596982
107,"{'max_depth': 16, 'n_estimators': 20}",0.8248502647135771,0.8248502647135771,0.0483568927981069,0.0253375355333086,0.821435265715581
108,"{'max_depth': 16, 'n_estimators': 22}",0.8241539174711354,0.8241539174711354,0.0434079196220114,0.0226701273019404,0.8206371217080843
109,"{'max_depth': 16, 'n_estimators': 24}",0.8237731065342727,0.8237731065342727,0.0492391560351235,0.0257822271659869,0.8207391337662415
110,"{'max_depth': 16, 'n_estimators': 26}",0.8246843396781669,0.8246843396781669,0.0475558516434532,0.0248938326535656,0.8212977336627312
111,"{'max_depth': 16, 'n_estimators': 28}",0.8235745407241948,0.8235745407241948,0.0496261112248222,0.0260042021999752,0.8206091868606507
112,"{'max_depth': 18, 'n_estimators': 2}",0.8115707614745711,0.8115707614745711,0.0809637098479089,0.0506763070077864,0.8046989788917708
113,"{'max_depth': 18, 'n_estimators': 4}",0.8219343207470289,0.8219343207470289,0.0644953673313458,0.0360059325176121,0.8157316778715253
114,"{'max_depth': 18, 'n_estimators': 6}",0.8233460479765249,0.8233460479765249,0.0645438129343483,0.0351182795698924,0.8180963329018798
115,"{'max_depth': 18, 'n_estimators': 8}",0.8246163376326685,0.8246163376326685,0.0587766184493397,0.0317837102953899,0.8192825447879033
116,"{'max_depth': 18, 'n_estimators': 10}",0.8257696638963372,0.8257696638963372,0.0568019402621807,0.0304491410208874,0.8208534963706062
117,"{'max_depth': 18, 'n_estimators': 12}",0.8288705674186648,0.8288705674186648,0.0614836220229139,0.0331170436287232,0.8241295573621429
118,"{'max_depth': 18, 'n_estimators': 14}",0.8280899020717977,0.8280899020717977,0.057745046237094,0.030893338277098,0.8233752384905497
119,"{'max_depth': 18, 'n_estimators': 16}",0.8292677028492987,0.8292677028492987,0.0553169813983407,0.0295614880731677,0.8244187866854709
120,"{'max_depth': 18, 'n_estimators': 18}",0.8283891146974941,0.8283891146974941,0.0562737160105668,0.0300056853293783,0.8239248240156055
121,"{'max_depth': 18, 'n_estimators': 20}",0.8296485159318671,0.8296485159318671,0.0571402061606615,0.0304498825855889,0.8251785632996744
122,"{'max_depth': 18, 'n_estimators': 22}",0.8296539600687625,0.8296539600687625,0.0564329349995923,0.0300046965764429,0.8254184098426978
123,"{'max_depth': 18, 'n_estimators': 24}",0.8297382816507115,0.8297382816507115,0.0548099891966388,0.0291163020640217,0.8253562931767295
124,"{'max_depth': 18, 'n_estimators': 26}",0.8308807194926098,0.8308807194926098,0.0544730347373557,0.0288940798417995,0.8267235082025367
125,"{'max_depth': 18, 'n_estimators': 28}",0.8297355615244975,0.8297355615244975,0.0526566917051125,0.0277827215424545,0.8258235102444654
126,"{'max_depth': 20, 'n_estimators': 2}",0.8147804654210866,0.8147804654210866,0.0883101802660915,0.0606777901371894,0.8083118381488612
127,"{'max_depth': 20, 'n_estimators': 4}",0.8242273646153974,0.8242273646153974,0.0726939309171851,0.0422313681868743,0.8176212709904236
128,"{'max_depth': 20, 'n_estimators': 6}",0.8274669989400334,0.8274669989400334,0.0705679405981237,0.0400069212705475,0.821241986600547
129,"{'max_depth': 20, 'n_estimators': 8}",0.8299558826840622,0.8299558826840622,0.0706415658167936,0.0393390186627116,0.8241101209345201
130,"{'max_depth': 20, 'n_estimators': 10}",0.830263255355446,0.830263255355446,0.0634601423012001,0.0346745766901495,0.8246883484977527
131,"{'max_depth': 20, 'n_estimators': 12}",0.8310004093374314,0.8310004093374314,0.0632333885315253,0.0346721048078111,0.8253552883971483
132,"{'max_depth': 20, 'n_estimators': 14}",0.8307719166267565,0.8307719166267565,0.0645787439002497,0.0351172908169571,0.8255721551222479
133,"{'max_depth': 20, 'n_estimators': 16}",0.8325780636000639,0.8325780636000639,0.0652163302887896,0.0355632183908046,0.8273484863000162
134,"{'max_depth': 20, 'n_estimators': 18}",0.8329044703108828,0.8329044703108828,0.0647847581029844,0.0353405017921146,0.8275588081562304
135,"{'max_depth': 20, 'n_estimators': 20}",0.8331764833392125,0.8331764833392125,0.0625666783440474,0.0340059325176121,0.8278403551779693
136,"{'max_depth': 20, 'n_estimators': 22}",0.8334022523721603,0.8334022523721603,0.0643152720484592,0.034894821406501,0.8283995708177272
137,"{'max_depth': 20, 'n_estimators': 24}",0.8326515058979902,0.8326515058979902,0.0612602739666942,0.0333397602274131,0.827250796559086
138,"{'max_depth': 20, 'n_estimators': 26}",0.8331628817832699,0.8331628817832699,0.0610168711961039,0.033115807687554,0.8278099823513619
139,"{'max_depth': 20, 'n_estimators': 28}",0.8331411242140876,0.8331411242140876,0.0666482583064881,0.0362281547398343,0.8281439727320876
140,"{'max_depth': 22, 'n_estimators': 2}",0.814494863119131,0.814494863119131,0.0976339582767317,0.0726824867136324,0.808519461210437
141,"{'max_depth': 22, 'n_estimators': 4}",0.8237676731998969,0.8237676731998969,0.0757837461592576,0.0457874181188975,0.8168862665962671
142,"{'max_depth': 22, 'n_estimators': 6}",0.8277852492676632,0.8277852492676632,0.0771767617468321,0.0453434680509207,0.8212405864820799
143,"{'max_depth': 22, 'n_estimators': 8}",0.8305624658724314,0.8305624658724314,0.0729440466208372,0.0420079100234828,0.8241622948947095
144,"{'max_depth': 22, 'n_estimators': 10}",0.8308752826067207,0.8308752826067207,0.071136648051765,0.0404516129032258,0.8246266407605931
145,"{'max_depth': 22, 'n_estimators': 12}",0.83154170328152,0.83154170328152,0.0665201062178268,0.0375627240143369,0.8251871390918477
146,"{'max_depth': 22, 'n_estimators': 14}",0.8326243047098414,0.8326243047098414,0.0732067397884459,0.0413412433568162,0.8265594979666882
147,"{'max_depth': 22, 'n_estimators': 16}",0.832599825053714,0.832599825053714,0.0738536609222673,0.0420084043999505,0.8264417290185941
148,"{'max_depth': 22, 'n_estimators': 18}",0.8327467050991899,0.8327467050991899,0.0744936941409701,0.0420071684587813,0.8267442453898696
149,"{'max_depth': 22, 'n_estimators': 20}",0.8337585844297889,0.8337585844297889,0.0706985597370015,0.0395622296378692,0.8278066883615507
150,"{'max_depth': 22, 'n_estimators': 22}",0.8342318822105728,0.8342318822105728,0.0742864323240513,0.0415634655790384,0.8285353552317443
151,"{'max_depth': 22, 'n_estimators': 24}",0.8335110560519021,0.8335110560519021,0.0705955871643943,0.0395634655790384,0.8275514063104916
152,"{'max_depth': 22, 'n_estimators': 26}",0.8338565057549289,0.8338565057549289,0.0740184958199384,0.0415637127672722,0.8279874228062194
153,"{'max_depth': 22, 'n_estimators': 28}",0.8344141299270028,0.8344141299270028,0.0694675487897897,0.0388960573476702,0.828429148141368
154,"{'max_depth': 24, 'n_estimators': 2}",0.8128600712230607,0.8128600712230607,0.0987125521638879,0.081128167099246,0.8077825684659254
155,"{'max_depth': 24, 'n_estimators': 4}",0.8227557918715718,0.8227557918715718,0.0904442259542162,0.0589014954888147,0.8162238235570676
156,"{'max_depth': 24, 'n_estimators': 6}",0.8265639249909432,0.8265639249909432,0.0882589842667012,0.0544560622914349,0.8201045994288536
157,"{'max_depth': 24, 'n_estimators': 8}",0.8282721439060333,0.8282721439060333,0.0796133029061593,0.0484533432208626,0.8215827306975028
158,"{'max_depth': 24, 'n_estimators': 10}",0.8290908951263318,0.8290908951263318,0.0770747945851572,0.0460088987764182,0.8224438388874175
159,"{'max_depth': 24, 'n_estimators': 12}",0.8297546008172126,0.8297546008172126,0.0777959232457221,0.0460101347175874,0.8232197112867032
160,"{'max_depth': 24, 'n_estimators': 14}",0.8311772095874221,0.8311772095874221,0.0785218097851749,0.0464545791620319,0.8247052371844588
161,"{'max_depth': 24, 'n_estimators': 16}",0.8309759265367347,0.8309759265367347,0.0822340380983425,0.0484535904090965,0.8246565802283967
162,"{'max_depth': 24, 'n_estimators': 18}",0.8318300354023611,0.8318300354023611,0.0815033763537947,0.0480079100234828,0.825481558570722
163,"{'max_depth': 24, 'n_estimators': 20}",0.8323522963428728,0.8323522963428728,0.0765051935667422,0.0444521072796934,0.8259541877678501
164,"{'max_depth': 24, 'n_estimators': 22}",0.831906201082055,0.831906201082055,0.0743862087861938,0.0435639599555061,0.8253782623521497
165,"{'max_depth': 24, 'n_estimators': 24}",0.8329724759078942,0.8329724759078942,0.0773535144872499,0.0451200098875293,0.8265761040033391
166,"{'max_depth': 24, 'n_estimators': 26}",0.8325862236457512,0.8325862236457512,0.0844102435272326,0.0493427264862192,0.8264362878636753
167,"{'max_depth': 24, 'n_estimators': 28}",0.8328990315012573,0.8328990315012573,0.0801867254079155,0.0466745766901495,0.8266377704088912
168,"{'max_depth': 26, 'n_estimators': 2}",0.8095524404761557,0.8095524404761557,0.0953935179526524,0.0846827339018662,0.805212228289206
169,"{'max_depth': 26, 'n_estimators': 4}",0.8196004814595653,0.8196004814595653,0.092783977320344,0.0640128537881596,0.8133103614322487
170,"{'max_depth': 26, 'n_estimators': 6}",0.8237431906211699,0.8237431906211699,0.0906806700368677,0.0597898900012359,0.8173260326757184
171,"{'max_depth': 26, 'n_estimators': 8}",0.8250597109175258,0.8250597109175258,0.080080474445388,0.051788159683599,0.8184205931228907
172,"{'max_depth': 26, 'n_estimators': 10}",0.8266210448668143,0.8266210448668143,0.0834672580778846,0.0522311209986404,0.8201124828477644
173,"{'max_depth': 26, 'n_estimators': 12}",0.8274397983438035,0.8274397983438035,0.0808358665886681,0.0506760598195525,0.8208320964385498
174,"{'max_depth': 26, 'n_estimators': 14}",0.8277580495223166,0.8277580495223166,0.0828205163349995,0.0515656902731429,0.8212299437683083
175,"{'max_depth': 26, 'n_estimators': 16}",0.8285305566732433,0.8285305566732433,0.0825906479822497,0.0511195155110616,0.8220149337940084
176,"{'max_depth': 26, 'n_estimators': 18}",0.8283891131067123,0.8283891131067123,0.0796046395256971,0.0488982820417748,0.8217881852473783
177,"{'max_depth': 26, 'n_estimators': 20}",0.8292513836458024,0.8292513836458024,0.0803383145589934,0.0495664318378445,0.8226610395529717
178,"{'max_depth': 26, 'n_estimators': 22}",0.8293683504418107,0.8293683504418107,0.077256350246059,0.0475634655790384,0.8227565946637319
179,"{'max_depth': 26, 'n_estimators': 24}",0.8292323454259403,0.8292323454259403,0.0824156133314935,0.0504550735384995,0.8227421206537862
180,"{'max_depth': 26, 'n_estimators': 26}",0.8290990554309836,0.8290990554309836,0.0811321903406445,0.0495639599555061,0.8225855622756768
181,"{'max_depth': 26, 'n_estimators': 28}",0.8297219608564335,0.8297219608564335,0.0781506122234017,0.0475644543319738,0.8231024577953343
182,"{'max_depth': 28, 'n_estimators': 2}",0.8065848092652084,0.8065848092652084,0.0984771832940039,0.0926874304783092,0.8027044524860368
183,"{'max_depth': 28, 'n_estimators': 4}",0.8170327120946034,0.8170327120946034,0.0883022607408363,0.0635674205907798,0.8108401750899474
184,"{'max_depth': 28, 'n_estimators': 6}",0.8195188748985297,0.8195188748985297,0.085242807426331,0.0600126065999258,0.8133992080801764
185,"{'max_depth': 28, 'n_estimators': 8}",0.8222008904153568,0.8222008904153568,0.0842109979859229,0.0575681621554814,0.8158605805853908
186,"{'max_depth': 28, 'n_estimators': 10}",0.8237105400428458,0.8237105400428458,0.0864696244214633,0.0571224817698677,0.8174174916745326
187,"{'max_depth': 28, 'n_estimators': 12}",0.8230005977185743,0.8230005977185743,0.0853963961941837,0.0571234705228031,0.8167968463165949
188,"{'max_depth': 28, 'n_estimators': 14}",0.8248910662368358,0.8248910662368358,0.0817301332535005,0.0531227289581015,0.8185319741698077
189,"{'max_depth': 28, 'n_estimators': 16}",0.8247033800807297,0.8247033800807297,0.0780718921838024,0.0502313681868743,0.818148955678342
190,"{'max_depth': 28, 'n_estimators': 18}",0.824994427555439,0.824994427555439,0.0797476778002484,0.0517886540600667,0.8185968381161473
191,"{'max_depth': 28, 'n_estimators': 20}",0.8255221285634036,0.8255221285634036,0.0876461820315624,0.0560116178469904,0.819246603119678
192,"{'max_depth': 28, 'n_estimators': 22}",0.8256608555552342,0.8256608555552342,0.0823373869227797,0.0526772957607217,0.8192875499164007
193,"{'max_depth': 28, 'n_estimators': 24}",0.825878458179367,0.825878458179367,0.0819323132762315,0.0524548263502657,0.819447237259606
194,"{'max_depth': 28, 'n_estimators': 26}",0.8267488921676781,0.8267488921676781,0.0836698342574421,0.0533442096156222,0.8203965886094873
195,"{'max_depth': 28, 'n_estimators': 28}",0.8263163999426,0.8263163999426,0.0822782341016479,0.0524553207267334,0.8199043096137897
