,params,test_accuracy,test_recall_overall,test_f1_deceased,test_recall_deceased,test_precison
154,"{'max_depth': 24, 'n_estimators': 2}",0.8128600712230607,0.8128600712230607,0.0987125521638879,0.081128167099246,0.8077825684659254
182,"{'max_depth': 28, 'n_estimators': 2}",0.8065848092652084,0.8065848092652084,0.0984771832940039,0.0926874304783092,0.8027044524860368
140,"{'max_depth': 22, 'n_estimators': 2}",0.814494863119131,0.814494863119131,0.0976339582767317,0.0726824867136324,0.808519461210437
168,"{'max_depth': 26, 'n_estimators': 2}",0.8095524404761557,0.8095524404761557,0.0953935179526524,0.0846827339018662,0.805212228289206
150,"{'max_depth': 22, 'n_estimators': 22}",0.8342318822105728,0.8342318822105728,0.0742864323240513,0.0415634655790384,0.8285353552317443
152,"{'max_depth': 22, 'n_estimators': 26}",0.8338565057549289,0.8338565057549289,0.0740184958199384,0.0415637127672722,0.8279874228062194
153,"{'max_depth': 22, 'n_estimators': 28}",0.8344141299270028,0.8344141299270028,0.0694675487897897,0.0388960573476702,0.828429148141368
136,"{'max_depth': 20, 'n_estimators': 22}",0.8334022523721603,0.8334022523721603,0.0643152720484592,0.034894821406501,0.8283995708177272
